videos,first_frame,sessions.thisRepN,sessions.thisTrialN,sessions.thisN,sessions.thisIndex,trials.thisRepN,trials.thisTrialN,trials.thisN,trials.thisIndex,thisRow.t,notes,focus.started,image.started,focus.stopped,trial.started,movie.started,etRecord.started,etRecord.stopped,trial.stopped,participant,session,date,expName,psychopyVersion,frameRate,expStart,
video/Sphere_init2_speed1/original/0001-0150.avi,video/First_frame/Sphere_init2_speed1_original_0001-0150.jpg,0,0,0,0,0,0,0,5,0.1617339999647811,,0.03310070000588894,0.1617339999647811,1.0071633999468759,1.0071708000032231,1.1072227000258863,0.04925329994875938,1.0904578999616206,7.323854899965227,356201,001,2023-11-21_16h15.33.030,PFE,2023.2.3,59.872961572560385,2023-11-21 16h15.37.083399 +0100,
video/Sphere_init1_speed1/delta1/0001-0150.avi,video/First_frame/Sphere_init1_speed1_delta1_0001-0150.jpg,0,0,0,0,0,1,1,0,7.473827100009657,,7.443377299932763,7.473827100009657,8.457188199972734,8.457194500020705,8.723822199972346,0.22678729996550828,1.264137199963443,14.940806899918243,356201,001,2023-11-21_16h15.33.030,PFE,2023.2.3,59.872961572560385,2023-11-21 16h15.37.083399 +0100,
video/Sphere_init3_speed1_perturbation/delta2/0001-0150.avi,video/First_frame/Sphere_init3_speed1_perturbation_delta2_0001-0150.jpg,0,0,0,0,0,2,2,19,15.090599399991333,,15.064884099992923,15.090599399991333,16.07540660002269,16.07541329995729,16.358917900011875,0.222726900014095,1.2925505000166595,22.557480499963276,356201,001,2023-11-21_16h15.33.030,PFE,2023.2.3,59.872961572560385,2023-11-21 16h15.37.083399 +0100,
video/Sphere_init4_speed1_perturbation/delta2/0001-0150.avi,video/First_frame/Sphere_init4_speed1_perturbation_delta2_0001-0150.jpg,0,0,0,0,0,3,3,22,22.723924699937925,,22.681499399943277,22.723924699937925,23.69062689994462,23.690633599995635,23.95712769997772,0.22588759998325258,1.2593414000002667,30.17437229992356,356201,001,2023-11-21_16h15.33.030,PFE,2023.2.3,59.872961572560385,2023-11-21 16h15.37.083399 +0100,
video/Sphere_init2_speed1/delta1/0001-0150.avi,video/First_frame/Sphere_init2_speed1_delta1_0001-0150.jpg,0,0,0,0,0,4,4,3,30.323830100009218,,30.301004000008106,30.323830100009218,31.30701849993784,31.307027100003324,31.5740141000133,0.22203899989835918,1.2563273999840021,37.79080870002508,356201,001,2023-11-21_16h15.33.030,PFE,2023.2.3,59.872961572560385,2023-11-21 16h15.37.083399 +0100,
video/Sphere_init1_speed1/delta2/0001-0150.avi,video/First_frame/Sphere_init1_speed1_delta2_0001-0150.jpg,0,0,0,0,0,5,5,1,37.94053659995552,,37.91653049993329,37.94053659995552,38.92391669994686,38.92392299999483,39.19054570002481,0.22130209999158978,1.2575836000032723,45.407450299942866,356201,001,2023-11-21_16h15.33.030,PFE,2023.2.3,59.872961572560385,2023-11-21 16h15.37.083399 +0100,
video/Sphere_init3_speed1/delta1/0001-0150.avi,video/First_frame/Sphere_init3_speed1_delta1_0001-0150.jpg,0,0,0,0,0,6,6,6,45.5569792999886,,45.53132680000272,45.5569792999886,46.54061369993724,46.540620899992064,46.80715130001772,0.22176450002007186,1.2593434000154957,53.02403299999423,356201,001,2023-11-21_16h15.33.030,PFE,2023.2.3,59.872961572560385,2023-11-21 16h15.37.083399 +0100,
video/Sphere_init1_speed1_perturbation/delta2/0001-0150.avi,video/First_frame/Sphere_init1_speed1_perturbation_delta2_0001-0150.jpg,0,0,0,0,0,7,7,13,53.17387349996716,,53.14687950001098,53.17387349996716,54.157268499955535,54.15727500000503,54.42387759999838,0.2200330999912694,1.2605630999896675,60.64089319994673,356201,001,2023-11-21_16h15.33.030,PFE,2023.2.3,59.872961572560385,2023-11-21 16h15.37.083399 +0100,
video/Sphere_init2_speed1/delta2/0001-0150.avi,video/First_frame/Sphere_init2_speed1_delta2_0001-0150.jpg,0,0,0,0,0,8,8,4,60.79053210001439,,60.76057689997833,60.79053210001439,61.77407529996708,61.77408150001429,62.040524999960326,0.2257505999878049,1.2637236999580637,68.25744359998498,356201,001,2023-11-21_16h15.33.030,PFE,2023.2.3,59.872961572560385,2023-11-21 16h15.37.083399 +0100,
video/Sphere_init3_speed1/delta2/0001-0150.avi,video/First_frame/Sphere_init3_speed1_delta2_0001-0150.jpg,0,0,0,0,0,9,9,7,68.40871889994014,,68.38005869998597,68.40871889994014,69.39059819991235,69.39060499996413,69.65718659991398,0.22081199998501688,1.260656900005415,75.87411650002468,356201,001,2023-11-21_16h15.33.030,PFE,2023.2.3,59.872961572560385,2023-11-21 16h15.37.083399 +0100,
video/Sphere_init4_speed1/original/0001-0150.avi,video/First_frame/Sphere_init4_speed1_original_0001-0150.jpg,0,0,0,0,0,10,10,11,76.02399479993619,,75.99489759991411,76.02399479993619,77.00722539995331,77.00723250000738,77.27383780002128,0.22057110001333058,1.2622746999841183,83.490924899932,356201,001,2023-11-21_16h15.33.030,PFE,2023.2.3,59.872961572560385,2023-11-21 16h15.37.083399 +0100,
video/Sphere_init1_speed1_perturbation/delta1/0001-0150.avi,video/First_frame/Sphere_init1_speed1_perturbation_delta1_0001-0150.jpg,0,0,0,0,0,11,11,12,83.64275040000211,,83.60942069999874,83.64275040000211,84.62390090001281,84.62390699994285,84.89024330000393,0.225694700027816,1.264307799981907,91.10751669993624,356201,001,2023-11-21_16h15.33.030,PFE,2023.2.3,59.872961572560385,2023-11-21 16h15.37.083399 +0100,
video/Sphere_init2_speed1_perturbation/delta1/0001-0150.avi,video/First_frame/Sphere_init2_speed1_perturbation_delta1_0001-0150.jpg,0,0,0,0,0,12,12,15,91.25728559994604,,91.22989580000285,91.25728559994604,92.24053529999219,92.2405416999245,92.50718519999646,0.22170859994366765,1.261108599952422,98.72411109996028,356201,001,2023-11-21_16h15.33.030,PFE,2023.2.3,59.872961572560385,2023-11-21 16h15.37.083399 +0100,
video/Sphere_init3_speed1_perturbation/original/0001-0150.avi,video/First_frame/Sphere_init3_speed1_perturbation_original_0001-0150.jpg,0,0,0,0,0,13,13,20,98.87413210002705,,98.84544900001492,98.87413210002705,99.85748150001746,99.85748769994825,100.12377249996644,0.22557690006215125,1.2618601000867784,106.34081690001767,356201,001,2023-11-21_16h15.33.030,PFE,2023.2.3,59.872961572560385,2023-11-21 16h15.37.083399 +0100,
video/Sphere_init1_speed1_perturbation/original/0001-0150.avi,video/First_frame/Sphere_init1_speed1_perturbation_original_0001-0150.jpg,0,0,0,0,0,14,14,14,106.50715680001304,,106.46497899992391,106.50715680001304,107.47357189992908,107.4735785999801,107.7404926000163,0.22567650000564754,1.2590815000003204,113.95744419994298,356201,001,2023-11-21_16h15.33.030,PFE,2023.2.3,59.872961572560385,2023-11-21 16h15.37.083399 +0100,
video/Sphere_init3_speed1_perturbation/delta1/0001-0150.avi,video/First_frame/Sphere_init3_speed1_perturbation_delta1_0001-0150.jpg,0,0,0,0,0,15,15,18,114.10717390000354,,114.08441529993434,114.10717390000354,115.09081399999559,115.09082099993248,115.35677579999901,0.22174410009756684,1.2563037000363693,121.5741268999409,356201,001,2023-11-21_16h15.33.030,PFE,2023.2.3,59.872961572560385,2023-11-21 16h15.37.083399 +0100,
video/Sphere_init1_speed1/original/0001-0150.avi,video/First_frame/Sphere_init1_speed1_original_0001-0150.jpg,0,0,0,0,0,16,16,2,121.74052380002104,,121.70004269992933,121.74052380002104,122.70727030001581,122.70727809995878,122.97373369999696,0.22577100002672523,1.2573338000802323,129.20741069992073,356201,001,2023-11-21_16h15.33.030,PFE,2023.2.3,59.872961572560385,2023-11-21 16h15.37.083399 +0100,
video/Sphere_init3_speed1/original/0001-0150.avi,video/First_frame/Sphere_init3_speed1_original_0001-0150.jpg,0,0,0,0,0,17,17,8,129.3571242999751,,129.31961869995575,129.3571242999751,130.32390860002488,130.32391609996557,130.59049039997626,0.21568899997510016,1.254471999942325,136.80776280001737,356201,001,2023-11-21_16h15.33.030,PFE,2023.2.3,59.872961572560385,2023-11-21 16h15.37.083399 +0100,
video/Sphere_init4_speed1/delta2/0001-0150.avi,video/First_frame/Sphere_init4_speed1_delta2_0001-0150.jpg,0,0,0,0,0,18,18,10,136.9580557999434,,136.93018599995412,136.9580557999434,137.94041669997387,137.9404231000226,138.22381360002328,0.2309621999738738,1.2772615000139922,144.4407566000009,356201,001,2023-11-21_16h15.33.030,PFE,2023.2.3,59.872961572560385,2023-11-21 16h15.37.083399 +0100,
video/Sphere_init4_speed1_perturbation/delta1/0001-0150.avi,video/First_frame/Sphere_init4_speed1_perturbation_delta1_0001-0150.jpg,0,0,0,0,0,19,19,21,144.59055379999336,,144.55478769994806,144.59055379999336,145.5571880999487,145.5571947999997,145.84047699999064,0.2246553999138996,1.2694425999652594,152.05739139998332,356201,001,2023-11-21_16h15.33.030,PFE,2023.2.3,59.872961572560385,2023-11-21 16h15.37.083399 +0100,
video/Sphere_init4_speed1_perturbation/original/0001-0150.avi,video/First_frame/Sphere_init4_speed1_perturbation_original_0001-0150.jpg,0,0,0,0,0,20,20,23,152.20731490000617,,152.17334939993452,152.20731490000617,153.1739259000169,153.17393449996598,153.45714099996258,0.22565199993550777,1.2672793999081478,159.6741012999555,356201,001,2023-11-21_16h15.33.030,PFE,2023.2.3,59.872961572560385,2023-11-21 16h15.37.083399 +0100,
video/Sphere_init2_speed1_perturbation/original/0001-0150.avi,video/First_frame/Sphere_init2_speed1_perturbation_original_0001-0150.jpg,0,0,0,0,0,21,21,17,159.84224219992757,,159.793813199969,159.84224219992757,160.80723289994057,160.807241100003,161.0738481999142,0.22069950005970895,1.2635543999494985,167.29075980000198,356201,001,2023-11-21_16h15.33.030,PFE,2023.2.3,59.872961572560385,2023-11-21 16h15.37.083399 +0100,
video/Sphere_init4_speed1/delta1/0001-0150.avi,video/First_frame/Sphere_init4_speed1_delta1_0001-0150.jpg,0,0,0,0,0,22,22,9,167.46106699993834,,167.40944309998304,167.46106699993834,168.42388929997105,168.42389600002207,168.69057849992532,0.22674479999113828,1.2647640999639407,174.90739359997679,356201,001,2023-11-21_16h15.33.030,PFE,2023.2.3,59.872961572560385,2023-11-21 16h15.37.083399 +0100,
video/Sphere_init2_speed1_perturbation/delta2/0001-0150.avi,video/First_frame/Sphere_init2_speed1_perturbation_delta2_0001-0150.jpg,0,0,0,0,0,23,23,16,175.0569361000089,,175.02992769994307,175.0569361000089,176.04036350001115,176.04037039994728,176.30746859998908,0.22562140005175024,1.2610552000114694,182.5241088999901,356201,001,2023-11-21_16h15.33.030,PFE,2023.2.3,59.872961572560385,2023-11-21 16h15.37.083399 +0100,
video/Sphere_init2_speed1_perturbation/delta1/0001-0150.avi,video/First_frame/Sphere_init2_speed1_perturbation_delta1_0001-0150.jpg,0,0,0,0,1,0,24,15,182.67384509998374,,182.64948879997246,182.67384509998374,183.65719089994673,183.65719739999622,183.92383400001563,0.21995860000606626,1.2578636999242008,190.14081349992193,356201,001,2023-11-21_16h15.33.030,PFE,2023.2.3,59.872961572560385,2023-11-21 16h15.37.083399 +0100,
video/Sphere_init4_speed1/original/0001-0150.avi,video/First_frame/Sphere_init4_speed1_original_0001-0150.jpg,0,0,0,0,1,1,25,11,190.2904225999955,,190.26343519997317,190.2904225999955,191.27383919991553,191.27384589996655,191.54049829998985,0.2216035999590531,1.2605627999873832,197.75738319999073,356201,001,2023-11-21_16h15.33.030,PFE,2023.2.3,59.872961572560385,2023-11-21 16h15.37.083399 +0100,
video/Sphere_init1_speed1_perturbation/delta1/0001-0150.avi,video/First_frame/Sphere_init1_speed1_perturbation_delta1_0001-0150.jpg,0,0,0,0,1,2,26,12,197.90705859998707,,197.87876180000603,197.90705859998707,198.89052080002148,198.89052739995532,199.1571280999342,0.22070239996537566,1.2616549000376835,205.37403369997628,356201,001,2023-11-21_16h15.33.030,PFE,2023.2.3,59.872961572560385,2023-11-21 16h15.37.083399 +0100,
video/Sphere_init4_speed1/delta2/0001-0150.avi,video/First_frame/Sphere_init4_speed1_delta2_0001-0150.jpg,0,0,0,0,1,3,27,10,205.52380079997238,,205.49337819998618,205.52380079997238,206.50737749994732,206.50738450000063,206.77352719998453,0.2216292000375688,1.2642699000425637,212.99072989996057,356201,001,2023-11-21_16h15.33.030,PFE,2023.2.3,59.872961572560385,2023-11-21 16h15.37.083399 +0100,
video/Sphere_init3_speed1_perturbation/original/0001-0150.avi,video/First_frame/Sphere_init3_speed1_perturbation_original_0001-0150.jpg,0,0,0,0,1,4,28,20,213.14335939998273,,213.1088718000101,213.14335939998273,214.12378389993683,214.12379039998632,214.39007540000603,0.2207668999908492,1.2653611999703571,220.60752009996213,356201,001,2023-11-21_16h15.33.030,PFE,2023.2.3,59.872961572560385,2023-11-21 16h15.37.083399 +0100,
video/Sphere_init1_speed1/delta2/0001-0150.avi,video/First_frame/Sphere_init1_speed1_delta2_0001-0150.jpg,0,0,0,0,1,5,29,1,220.75699449994136,,220.72336760000326,220.75699449994136,221.723893999937,221.72390029998496,222.0071306999307,0.22175370005425066,1.267569600022398,228.2240284999134,356201,001,2023-11-21_16h15.33.030,PFE,2023.2.3,59.872961572560385,2023-11-21 16h15.37.083399 +0100,
video/Sphere_init2_speed1/original/0001-0150.avi,video/First_frame/Sphere_init2_speed1_original_0001-0150.jpg,0,0,0,0,1,6,30,5,228.37375149992295,,228.33895349991508,228.37375149992295,229.3404832999222,229.3404920999892,229.62378069991246,0.22181710007134825,1.2684155000606552,235.84087670000736,356201,001,2023-11-21_16h15.33.030,PFE,2023.2.3,59.872961572560385,2023-11-21 16h15.37.083399 +0100,
video/Sphere_init4_speed1_perturbation/original/0001-0150.avi,video/First_frame/Sphere_init4_speed1_perturbation_original_0001-0150.jpg,0,0,0,0,1,7,31,23,235.9912306999322,,235.95456989994273,235.9912306999322,236.95717269997112,236.9571795000229,237.22370959992986,0.2196757000638172,1.2528078000759706,243.4573988999473,356201,001,2023-11-21_16h15.33.030,PFE,2023.2.3,59.872961572560385,2023-11-21 16h15.37.083399 +0100,
video/Sphere_init1_speed1/original/0001-0150.avi,video/First_frame/Sphere_init1_speed1_original_0001-0150.jpg,0,0,0,0,1,8,32,2,243.59062579995953,,243.5680615999736,243.59062579995953,244.57380379992537,244.5738104999764,244.84063999995124,0.221264100051485,1.2559066000394523,251.05723469995428,356201,001,2023-11-21_16h15.33.030,PFE,2023.2.3,59.872961572560385,2023-11-21 16h15.37.083399 +0100,
video/Sphere_init1_speed1/delta1/0001-0150.avi,video/First_frame/Sphere_init1_speed1_delta1_0001-0150.jpg,0,0,0,0,1,9,33,0,251.20678639994003,,251.1841362999985,251.20678639994003,252.19050149992108,252.19050809997134,252.45720910001546,0.22068730008322746,1.256548700039275,258.674076700001,356201,001,2023-11-21_16h15.33.030,PFE,2023.2.3,59.872961572560385,2023-11-21 16h15.37.083399 +0100,
video/Sphere_init2_speed1_perturbation/original/0001-0150.avi,video/First_frame/Sphere_init2_speed1_perturbation_original_0001-0150.jpg,0,0,0,0,1,10,34,17,258.82374439993873,,258.79975909995846,258.82374439993873,259.8072877000086,259.80729629995767,260.07373639999423,0.22075400000903755,1.2576604000059888,266.2906057999935,356201,001,2023-11-21_16h15.33.030,PFE,2023.2.3,59.872961572560385,2023-11-21 16h15.37.083399 +0100,
video/Sphere_init2_speed1/delta1/0001-0150.avi,video/First_frame/Sphere_init2_speed1_delta1_0001-0150.jpg,0,0,0,0,1,11,35,3,266.44041989999823,,266.41422919998877,266.44041989999823,267.4238264999585,267.4238328000065,267.69043279998004,0.22087439999449998,1.2600271999835968,273.90739890001714,356201,001,2023-11-21_16h15.33.030,PFE,2023.2.3,59.872961572560385,2023-11-21 16h15.37.083399 +0100,
video/Sphere_init4_speed1_perturbation/delta2/0001-0150.avi,video/First_frame/Sphere_init4_speed1_perturbation_delta2_0001-0150.jpg,0,0,0,0,1,12,36,22,274.05710410000756,,274.0288950999966,274.05710410000756,275.04046699998435,275.040476199938,275.30704769992735,0.2275339999468997,1.261787399998866,281.52375219995156,356201,001,2023-11-21_16h15.33.030,PFE,2023.2.3,59.872961572560385,2023-11-21 16h15.37.083399 +0100,
video/Sphere_init3_speed1_perturbation/delta1/0001-0150.avi,video/First_frame/Sphere_init3_speed1_perturbation_delta1_0001-0150.jpg,0,0,0,0,1,13,37,18,281.6737473999383,,281.6501531000249,281.6737473999383,282.65716259996407,282.6571692000143,282.9418375999667,0.2209782999707386,1.29085039999336,289.14069059991743,356201,001,2023-11-21_16h15.33.030,PFE,2023.2.3,59.872961572560385,2023-11-21 16h15.37.083399 +0100,
video/Sphere_init3_speed1/original/0001-0150.avi,video/First_frame/Sphere_init3_speed1_original_0001-0150.jpg,0,0,0,0,1,14,38,8,289.29054099996574,,289.26504530000966,289.29054099996574,290.2738395999186,290.2738459999673,290.55889320001006,0.21972410008311272,1.2922097999835387,296.757387700025,356201,001,2023-11-21_16h15.33.030,PFE,2023.2.3,59.872961572560385,2023-11-21 16h15.37.083399 +0100,
,,,,,,,,,,296.9070264999755,,296.8785808000248,296.9070264999755,297.89071669999976,297.8907229999313,298.1573079000227,0.22196240001358092,,,,,,,,,,
